{"minzoom":0,"maxzoom":9,"center":[36.210938,33.430945,9.0],"bounds":[35.512916,32.326809,42.307716,37.31879]}