{"minzoom":0,"maxzoom":8,"center":[37.265625,36.02928,8.0],"bounds":[35.512916,32.326809,42.307716,37.31879]}